黎明破晓,春夏秋冬,男,https://www.zhihu.com/people/li-ming-po-xiao-82-34
MR.ZHAO,工程师,男,https://www.zhihu.com/people/zhao-ru-hui-42
神经刀医生,,,https://www.zhihu.com/people/shen-jing-dao-yi-sheng
枝辱于平,,男,https://www.zhihu.com/people/self-improvement-24
YukiToki,,,https://www.zhihu.com/people/yukitoki
隔壁的泰山,消金从业者,男,https://www.zhihu.com/people/bai-yong-wan
冰镇大西瓜,喜欢吃冰西瓜 ,女,https://www.zhihu.com/people/nhnvnw
曹斌,,男,https://www.zhihu.com/people/itcaobin
ican1v5,程序员,男,https://www.zhihu.com/people/ye-ru-nian-12
八级大狂风,,,https://www.zhihu.com/people/ba-ji-da-kuang-feng-20-81
妍玟,什么啊,,https://www.zhihu.com/people/yan-wen-98-66
且慢且行,,,https://www.zhihu.com/people/qie-man-qie-xing-80
方意,移动互联网／车联网／软件架构师,男,https://www.zhihu.com/people/yi-fang-50
走走路疯了,哪有什么非黑即白,男,https://www.zhihu.com/people/xiao-yao-xian-25
Kanye,,,https://www.zhihu.com/people/kanye-33
得到,,,https://www.zhihu.com/people/de-dao-30-92
庭里阳光,,,https://www.zhihu.com/people/ting-li-yang-guang-10
雾里看狗,颜狗,男,https://www.zhihu.com/people/wu-li-kan-gou
有梦想的UXD,设计师,男,https://www.zhihu.com/people/hu-yu-sheng-30-40
南奔,南极裸奔,,https://www.zhihu.com/people/zhe-bie-72-78
浮空,险夷原不滞胸中,男,https://www.zhihu.com/people/ren-yan-fei-73
阿肯长不大,,男,https://www.zhihu.com/people/sui-feng-er-shi-de-chen-ai
西天取经路遥迢,,,https://www.zhihu.com/people/xi-tian-qu-jing-lu-yao-tiao
s2资深loller,,,https://www.zhihu.com/people/s2zi-shen-loller
echo,设计师,男,https://www.zhihu.com/people/zhang-xia-lin-33
文文哥,只写有价值的干货内容,男,https://www.zhihu.com/people/you-yu-wen-47
轩逸苍痕,,,https://www.zhihu.com/people/xuan-yi-cang-hen
Lemonade,,,https://www.zhihu.com/people/lemonade-81-19
平凡的普通人,人在江湖，身不由己,男,https://www.zhihu.com/people/wang-sheng-jun-32
卖菠萝的海绵宝宝,小学生,,https://www.zhihu.com/people/mai-bo-luo-de-hai-mian-bao-bao
hermausizna,,,https://www.zhihu.com/people/hermausizna-38
NAPOLEON,大一新生,,https://www.zhihu.com/people/napoleon-99
一起旅行,,,https://www.zhihu.com/people/yi-qi-lu-xing-99
传有,月芽（知乎用来乱写东西，不要理我）,女,https://www.zhihu.com/people/amo-49-6
琳儿,,女,https://www.zhihu.com/people/lin-er-4-95
很好,中国有自己的奢侈品牌,,https://www.zhihu.com/people/hen-hao-78-87
大大大大朱朱青,,,https://www.zhihu.com/people/da-da-da-da-zhu-zhu-qing
陈仰学,,,https://www.zhihu.com/people/chen-yang-xue-48
loca,,,https://www.zhihu.com/people/loca-17
陈临右,,,https://www.zhihu.com/people/chen-lin-you-35
清凉多多,会计师,,https://www.zhihu.com/people/qing-liang-duo-duo-51
李木子,让人的生活更美好,男,https://www.zhihu.com/people/li-li-48-70-80
Mmmmmos,金融从业者,女,https://www.zhihu.com/people/mmmmmmmm-78-25
厚德载物,,,https://www.zhihu.com/people/hou-de-zai-wu-25-64
长点心,,,https://www.zhihu.com/people/chang-dian-xin-75
星尘,键盘上的舞蹈,男,https://www.zhihu.com/people/xing-chen-99-38-21
其石,时光，浓淡相宜；人心，远近相安；流年，长短皆逝；浮生，往来皆客。,,https://www.zhihu.com/people/chen-xin-29-50
地球是我挫圆的,Java,男,https://www.zhihu.com/people/di-qiu-shi-wo-cuo-yuan-de-29-97
双子叶,,,https://www.zhihu.com/people/shuang-zi-xie-27
llllkkkk,自由,,https://www.zhihu.com/people/zhang-da-yu-71-87
Yinsc,跨境电商运营,男,https://www.zhihu.com/people/zhi-ruo-chu-jian-40-74
用户6313460363,大数据,,https://www.zhihu.com/people/yong-hu-6313460363
二律背反,,男,https://www.zhihu.com/people/er-lu-bei-fan-36
初城风车,,男,https://www.zhihu.com/people/chu-cheng-zhu-feng-che
汉克先生,习惯在答案前面加个谢邀装逼,,https://www.zhihu.com/people/pai-gu-xiao-shuai-ge
Yan Jia,,女,https://www.zhihu.com/people/yan-jia-94-25
奔跑,,,https://www.zhihu.com/people/ben-pao-40-88
白羊梦W,大学生,,https://www.zhihu.com/people/bai-yang-meng-w
原味瓜子才是正义,,女,https://www.zhihu.com/people/zhao-ling-yun-65
卫青,,,https://www.zhihu.com/people/wei-qing-51-7
书墨,,,https://www.zhihu.com/people/shu-mo-17-68
Karen Cao,Executive Search,女,https://www.zhihu.com/people/cao-xiao-ling-95
一生意气未改迁,,男,https://www.zhihu.com/people/zj636828
哈哈哈,,,https://www.zhihu.com/people/ha-ha-ha-27-55-76
林中隐丶,,男,https://www.zhihu.com/people/su481
安笙,,,https://www.zhihu.com/people/an-sheng-7-68
他时若遂凌云志,学生,,https://www.zhihu.com/people/ta-shi-ruo-sui-ling-yun-zhi
治疗知了,设计师,,https://www.zhihu.com/people/zhi-liao-zhi-liao-40-78
离小木,,,https://www.zhihu.com/people/chi-xiao-mu-99
一支羽喵,人生恍然八十年，如朝露片刻间。,男,https://www.zhihu.com/people/xiao-ming-23-67
sen,,,https://www.zhihu.com/people/sen-30-44
seve,永远留住30%的神秘。,女,https://www.zhihu.com/people/seve-23-31
47号,销售界饿狼,,https://www.zhihu.com/people/47hao-18
清风旧梦何须记,三无人员,男,https://www.zhihu.com/people/qing-feng-jiu-meng-he-xu-ji
金King,中国,男,https://www.zhihu.com/people/jin-hui-94-50
孟浩杰,,男,https://www.zhihu.com/people/li-er-dou-92
油焖鸡,,,https://www.zhihu.com/people/you-men-ji
natalie,,女,https://www.zhihu.com/people/natalieding
耶利米,不会炖鸡汤的厨子不是好编辑,女,https://www.zhihu.com/people/visaya
榴花般的眼眸,功不唐捐，玉汝于成,女,https://www.zhihu.com/people/july-97-16
欧阳锋,智能家居  通俗易懂，信任共生,男,https://www.zhihu.com/people/ou-yang-feng-51
Wingsjoy,做自己 享自由,男,https://www.zhihu.com/people/wang-yu-cai-15-51
喀秋莎的忧伤,,,https://www.zhihu.com/people/ke-qiu-sha-de-you-shang
ThreeEasyPieces,开放 学习,,https://www.zhihu.com/people/004398
灯灯灯,醉后不知天在水，满船清梦压星河。,女,https://www.zhihu.com/people/yvette.li
乱尘,,,https://www.zhihu.com/people/13260642735
rngnb,硬件工程师,,https://www.zhihu.com/people/rngnb-92-2
Ypei,,,https://www.zhihu.com/people/ypei-78
当歌,人间正道是沧桑,,https://www.zhihu.com/people/gua-niu-24-61
刘军强,,男,https://www.zhihu.com/people/liu-jun-qiang-71
wenwenwen,,,https://www.zhihu.com/people/wenwenwen-48-48
嘿嘿嘿,在校大学生,,https://www.zhihu.com/people/mo-mo-mo-41-10-1
六月十一,不知道在干什么,男,https://www.zhihu.com/people/a-jian-62-55
芬芳,我也想成为睿q啊,女,https://www.zhihu.com/people/cai-qiu-dan-64
wxdbaihe,,,https://www.zhihu.com/people/wxdbaihe
乖乖luo,,女,https://www.zhihu.com/people/luo-qian-5-57
魏瞑忆,我爱醉人/我爱au5/dubstep是艺术,男,https://www.zhihu.com/people/wei-ming-yi-81-1
徐朝辉,,,https://www.zhihu.com/people/xu-zhao-hui-65
长治,,,https://www.zhihu.com/people/chang-zhi-98-4
欧斯朗,小白,,https://www.zhihu.com/people/ou-si-lang-5
小朱,纯粹瞎写，不对的您多批评,男,https://www.zhihu.com/people/zhu-rong-jie-58
武昌郡王,光风雾霁，只争朝夕,男,https://www.zhihu.com/people/mao-zhu-xi-kua-wo-shuai-87
肉肉不吃肉,,男,https://www.zhihu.com/people/hu-jiong-yi
林汐,,男,https://www.zhihu.com/people/lin-xi-31-49
lamborghinwl,,男,https://www.zhihu.com/people/lamborghinwl
达达大嗒嗒,,男,https://www.zhihu.com/people/ji-2
七凌八乱,只是一个爱分享的小伙子,男,https://www.zhihu.com/people/ling-bao-wan-73
星海相映,,女,https://www.zhihu.com/people/xing-hai-xiang-ying
宏图伟业,,,https://www.zhihu.com/people/hong-tu-wei-ye-90
猪事顺利,搬砖的美工,,https://www.zhihu.com/people/zhu-shi-shun-li-41-35
显示器的可乐,,,https://www.zhihu.com/people/xian-shi-qi-a
Sssss2014,,,https://www.zhihu.com/people/bi-v-86
青霞仙子,,,https://www.zhihu.com/people/qing-xia-xian-zi-48
爱你的萌子小哥哥,学生,男,https://www.zhihu.com/people/ai-ni-de-meng-zi-xiao-ge-ge
宁做我,如果你因为错过太阳而哭泣，那你也将错过繁星。,男,https://www.zhihu.com/people/brzheng
YH WANG,设计师,,https://www.zhihu.com/people/yh-wang-80
yourneck,openmind,,https://www.zhihu.com/people/wang-dong-zhen-96
麻椒鸡米饭,,,https://www.zhihu.com/people/ma-jiao-ji-mi-fan
之乎者也,大学深,,https://www.zhihu.com/people/zhi-hu-zhe-ye-49-54-95
韩谋,,男,https://www.zhihu.com/people/han-mou-6
克隆羊,化学科研，互联网语音识别工作者,,https://www.zhihu.com/people/ke-long-yang-27-5
笑笑,,女,https://www.zhihu.com/people/feng-xiao-xiao-57
Hanyang Ma,信息工程/学生,男,https://www.zhihu.com/people/ma-han-yang-37
啸b,设计师,,https://www.zhihu.com/people/xiao-she-87-3
Acer,,,https://www.zhihu.com/people/zheng-qiu-12-1
雪舞天殇,,,https://www.zhihu.com/people/xue-wu-tian-shang
zealothu,,男,https://www.zhihu.com/people/alex1985
若腾,我愿意成为一个有故事的人。,,https://www.zhihu.com/people/ruo-teng-55
寒蝉鸣,学生,,https://www.zhihu.com/people/han-chan-ming-88
mapro-zhihu,战争即和平 自由即奴役 无知即力量 / 薛丁格的N,男,https://www.zhihu.com/people/han-dong-ze-24
司里章,,,https://www.zhihu.com/people/si-li-zhang-81
还我伞,,男,https://www.zhihu.com/people/xia-he-xia-he-64
JakeHan,,,https://www.zhihu.com/people/cao-jing-xuan-22
不如流浪,即将毕业的学生,,https://www.zhihu.com/people/bu-ru-liu-lang-80
whylove,,,https://www.zhihu.com/people/whylove-69
lonely,学生,女,https://www.zhihu.com/people/lonely-20-96
Alz丶,屏幕有点脏了！待我舔干净！,,https://www.zhihu.com/people/peng-liang-47-8
丑胖鹅,,,https://www.zhihu.com/people/chou-pang-e
k0ng,,男,https://www.zhihu.com/people/kozenzei
郑大先生,网络写手,,https://www.zhihu.com/people/wei-shi-ren-zheng-xian-sheng
Forming,,,https://www.zhihu.com/people/forming-34
chaofanhub,,,https://www.zhihu.com/people/shen-chao-67-83
大水,账号貌似被盗了 ,男,https://www.zhihu.com/people/zhao-xiao-shu-99
sometimeswe,wu,,https://www.zhihu.com/people/sometimeswe
不耻下问,,,https://www.zhihu.com/people/bu-chi-xia-wen-4-29
鞋子和电脑,简单即美好，专一是幸福的,女,https://www.zhihu.com/people/xie-zi-he-dian-nao
王彩琴律师,律师,,https://www.zhihu.com/people/wang-cai-qin-lu-shi
最傻的人,,,https://www.zhihu.com/people/zui-sha-de-ren
全日剑,,,https://www.zhihu.com/people/ni-de-huo-ge-58
NeosLee,,,https://www.zhihu.com/people/neoslee
略懂略懂的钱多多,艺术设计,女,https://www.zhihu.com/people/lue-dong-lue-dong-de-qian-duo-duo
瓦善雅,我跟你一样喜欢思考,,https://www.zhihu.com/people/wa-shan-ya
不吃辣,这个人很无聊,男,https://www.zhihu.com/people/cai-xue-qin-78
吴耀文,大学生,,https://www.zhihu.com/people/wu-yao-wen-79
李工科,,男,https://www.zhihu.com/people/li-gong-ke-93
马尚,淘宝,,https://www.zhihu.com/people/ma-shang-37-35
老徐家小子,,,https://www.zhihu.com/people/lao-xu-jia-xiao-zi
知识改变不了自己,,,https://www.zhihu.com/people/zhi-shi-gai-bian-bu-liao-zi-ji
xiya,,,https://www.zhihu.com/people/xiya-53
云和溯素,,,https://www.zhihu.com/people/yun-he-su-su
狄龙,学生,男,https://www.zhihu.com/people/zhui-meng-shao-nian-64-90
孤独小狼,爬虫爱好者,,https://www.zhihu.com/people/gu-du-xiao-lang-58
233lol,,,https://www.zhihu.com/people/233lol
奈须蘑菇,,,https://www.zhihu.com/people/nai-xu-mo-gu-18
玉小雁,,男,https://www.zhihu.com/people/PMCafe
伪知识分子,学生,男,https://www.zhihu.com/people/tang-cheng-jie-34-18
山大王,经济,,https://www.zhihu.com/people/shan-da-wang-60-57
RIVER,设计师,男,https://www.zhihu.com/people/mr-jiang-20
Brook Road,,男,https://www.zhihu.com/people/xing-kong-31-72
阳阳,,,https://www.zhihu.com/people/yang-yang-12-66-11
wywj,,,https://www.zhihu.com/people/wywj-88
宫海泽,,女,https://www.zhihu.com/people/gong-hai-ze-65
求问求稳,未上路的程序员,,https://www.zhihu.com/people/qiu-wen-qiu-wen-88
晚上打小偷,程序员,,https://www.zhihu.com/people/wan-shang-da-xiao-tou
simon,,,https://www.zhihu.com/people/simon-80-53
小疯子,人工智能,,https://www.zhihu.com/people/xiao-feng-zi-55-15
胡啦啦啦卡,,,https://www.zhihu.com/people/hu-la-la-la-qia
青易浮尘梦,,,https://www.zhihu.com/people/qing-yi-fu-chen-meng-78
跟自己说说话,,,https://www.zhihu.com/people/gen-zi-ji-shuo-shuo-hua
John Feng,x,男,https://www.zhihu.com/people/john-feng-15
夜莺一线天,计算机,,https://www.zhihu.com/people/qi-heng-71-74
hhxx,,,https://www.zhihu.com/people/hhxx-6-7
胡棉雄,,,https://www.zhihu.com/people/hu-mian-xiong
judy,,女,https://www.zhihu.com/people/judy-48-98
leon,金融,,https://www.zhihu.com/people/leon-97-52-42
加利福尼亚小马,想学bbx,,https://www.zhihu.com/people/jia-li-fu-ni-ya-xiao-ma
mmmmmmmmo,,,https://www.zhihu.com/people/mmmmmmmmo-7
挖掘机小王子,Give Me Five,男,https://www.zhihu.com/people/WaJueJiPrince
鲁莉,,,https://www.zhihu.com/people/lu-li-76-16
凤雅阁,,,https://www.zhihu.com/people/feng-ya-ge-55
cjjjj,,,https://www.zhihu.com/people/cjjjj-19-52
大陶,金牌销售员,,https://www.zhihu.com/people/da-tao-32-69
史迪仔,,男,https://www.zhihu.com/people/Wordsmisunderstood
一个高中生,,男,https://www.zhihu.com/people/wei-xu-jie-21
蓝诺,环保工程师,,https://www.zhihu.com/people/lan-nuo-43
山上人,程序猿,,https://www.zhihu.com/people/shan-shang-ren-64
趁晴天,,,https://www.zhihu.com/people/chen-qing-tian-33-15
丁香空结,随心所欲，不随波逐流,女,https://www.zhihu.com/people/ding-xiang-kong-jie-77
专注的小余,自我认知,,https://www.zhihu.com/people/sizhenli
你我的,请允许我问个问题！,男,https://www.zhihu.com/people/ni-wo-de-94
侠行天下,,,https://www.zhihu.com/people/xia-xing-tian-xia-20
AAAAA,,,https://www.zhihu.com/people/aaaaa-2-72
袁生,文艺,,https://www.zhihu.com/people/yuan-sheng-47-55
一曲凤求凰,,,https://www.zhihu.com/people/zhang-wen-xuan-29-91
白羽大叔,,男,https://www.zhihu.com/people/bai-yu-da-shu-2
Max Guo,搬砖,,https://www.zhihu.com/people/111-55-74
春在远方,由蠢变精不易，由精变蠢也难,,https://www.zhihu.com/people/chun-zai-yuan-fang
恋家的老猫,工程  旅游,,https://www.zhihu.com/people/lian-jia-de-lao-mao
经纬,专攻软硬件一条龙设计,男,https://www.zhihu.com/people/jingweir
又双,,,https://www.zhihu.com/people/you-shuang-ruo-zhuo-38-4
Milk,,,https://www.zhihu.com/people/milk-83-82
ixixone,,,https://www.zhihu.com/people/ixixone
哈哈哈哈哈哈,,,https://www.zhihu.com/people/ha-ha-ha-ha-ha-ha-28-74
带头狼,,,https://www.zhihu.com/people/dai-tou-lang
亿顺机械刘经理,,,https://www.zhihu.com/people/yi-shun-ji-jie-liu-jing-li
青哥,,,https://www.zhihu.com/people/qing-ge-52-3-43
绗,,,https://www.zhihu.com/people/xu-liu-41-50
夜涩,社会人,,https://www.zhihu.com/people/ye-se-17-30
改改,财务,男,https://www.zhihu.com/people/wan-wei-37-6-9
Echo,,,https://www.zhihu.com/people/echo-48-88-80
